query_label,distance,rank
0,0,1
0,0.954887,2
0,0.957792,3
0,0.961806,4
0,0.962901,5
